mkts,mkt_days,fills,sh_per_mkt_day,pnl_per_mkt_day,spread_per_mkt_day,markout_per_mkt_day,pnl_per_share,size_cap,d,win
2117,1045.9888888888888,7253,138.68216148461318,-2.2807125633371927,1.605925280701941,-3.886637844039134,-0.016445608713635738,False,0.01,before D-1 00:00
2143,1066.15625,5480,102.79919101914003,-0.6531125245478795,1.1705601313128353,-1.8236726558607146,-0.006353284671532848,False,0.01,D-1 00-12
2174,539.8770833333333,3540,131.14096187017878,-0.7013448277192728,1.5072875384443218,-2.2086323661635943,-0.005348022598870058,False,0.01,D-1 12-18
2174,542.6958333333333,4171,153.71409706173654,-0.12979646364215688,1.759143780662894,-1.888940244305051,-0.0008444018221050111,False,0.01,D-1 18-24
2174,542.0243055555555,6573,242.53524916241201,-1.67213903640545,2.8064608623793266,-4.478599898784777,-0.006894416552563517,False,0.01,D 00-06
2174,361.0875,8356,462.82410773012083,-1.3267144390210133,5.370083428531865,-6.696797867552879,-0.0028665629487793207,False,0.01,D 06-10
2174,361.4638888888889,20058,1109.8204062185403,-17.211677822435004,13.231778185926055,-30.44345600836106,-0.015508525276697577,False,0.01,D 10-14
2173,1001.5340277777777,15221,303.9537265403281,-7.808701235396534,3.583093435140121,-11.391794670536656,-0.02569042769857434,False,0.01,D 14-end
2117,1045.9888888888888,4363,83.42344830516578,-1.4743560054812563,1.8064532234249355,-3.280809228906192,-0.017673160669264266,False,0.02,before D-1 00:00
2143,1066.15625,1971,36.97394260925638,-0.42794853005832867,0.8028560541665445,-1.2308045842248732,-0.011574327752409944,False,0.02,D-1 00-12
2174,539.8770833333333,1162,43.04683550653891,-0.8624555743784271,0.9420477655021785,-1.8045033398806056,-0.020035283993115317,False,0.02,D-1 12-18
2174,542.6958333333333,1502,55.3532902869164,-0.1887982064846023,1.2084485631146973,-1.3972467695992998,-0.0034107856191744335,False,0.02,D-1 18-24
2174,542.0243055555555,2763,101.95114763969943,-1.3421169356130251,2.2265606682767145,-3.5686776038897396,-0.013164314151284839,False,0.02,D 00-06
2174,361.0875,3822,211.69384152040712,-0.0802575553016929,4.616415688718108,-4.696673244019801,-0.00037912087912087954,False,0.02,D 06-10
2174,361.4638888888889,13219,731.4146948750067,-12.006178579387829,16.169775680681177,-28.17595426006901,-0.01641500869959906,False,0.02,D 10-14
2173,1001.5340277777777,10514,209.95791872051834,-5.993425918157494,4.640451418622405,-10.6338773367799,-0.028545843637055358,False,0.02,D 14-end
2117,1045.9888888888888,2763,52.8303891054717,-0.8500281498634997,1.6806105864731942,-2.530638736336693,-0.01608975750995295,False,0.03,before D-1 00:00
2143,1066.15625,929,17.4270891344491,-0.35625172201541755,0.5607058064894334,-0.9169575285048509,-0.020442411194833154,False,0.03,D-1 00-12
2174,539.8770833333333,525,19.4488714637977,-0.14321778491246073,0.6248644560297291,-0.7680822409421897,-0.007363809523809521,False,0.03,D-1 12-18
2174,542.6958333333333,768,28.303147097437947,-0.39171113346180714,0.9101967799642218,-1.301907913426029,-0.013839843749999999,False,0.03,D-1 18-24
2174,542.0243055555555,1547,57.082311038224766,-1.3332612441785234,1.8319104693695831,-3.165171713548106,-0.0233568196509373,False,0.03,D 00-06
2174,361.0875,1913,105.95769723404993,0.011742306227714758,3.393249558624987,-3.3815072523972725,0.000110820700470464,False,0.03,D 06-10
2174,361.4638888888889,9138,505.6106726505644,-6.69178879095038,16.301849731416233,-22.993638522366613,-0.013235062376887723,False,0.03,D 10-14
2173,1001.5340277777777,7856,156.8793427304919,-4.885285835825459,5.071979442646662,-9.957265278472121,-0.031140402240325864,False,0.03,D 14-end
2117,1045.9888888888888,10452,90.83619856892469,-1.2468407940130022,1.046303599648711,-2.2931443936617133,-0.013726254661206727,True,0.01,before D-1 00:00
2143,1066.15625,7865,73.87561572705688,-0.60010576652531,0.8450827117638714,-1.4451884782891815,-0.008123191402457871,True,0.01,D-1 00-12
2174,539.8770833333333,4539,99.86878070857179,-0.862495683982388,1.1540150295374334,-2.0165107135198217,-0.008636289317471957,True,0.01,D-1 12-18
2174,542.6958333333333,5573,116.9967958165639,0.11173316904896112,1.3412060512328117,-1.2294728821838508,0.0009550105049384816,True,0.01,D-1 18-24
2174,542.0243055555555,9253,174.18034191886125,-2.0067368797459118,2.0203332818019897,-4.0270701615479005,-0.011521029627331387,True,0.01,D 00-06
2174,361.0875,11022,334.0941069546855,-1.5973712153840829,3.863842459232181,-5.461213674616263,-0.004781201410417995,True,0.01,D 06-10
2174,361.4638888888889,28390,795.401724282278,-17.02983146902457,9.451830316195716,-26.481661785220282,-0.021410352717541877,True,0.01,D 10-14
2173,1001.5340277777777,21917,225.52914435585961,-7.623331689398251,2.648578324448177,-10.271910013846428,-0.03380198027696806,True,0.01,D 14-end
2117,1045.9888888888888,5880,51.96272009422238,-0.850555648738355,1.1240877430911207,-1.974643391829476,-0.016368574377862995,True,0.02,before D-1 00:00
2143,1066.15625,2723,27.859549175836094,-0.26662841159914413,0.6058301858282967,-0.8724585974274408,-0.009570449611955802,True,0.02,D-1 00-12
2174,539.8770833333333,1494,33.96380833168044,-0.5284780488169762,0.7438462806765429,-1.272324329493519,-0.015560035071921762,True,0.02,D-1 12-18
2174,542.6958333333333,1979,43.514817023655056,-0.34515005094013673,0.948153757296214,-1.2933038082363508,-0.007931782196223185,True,0.02,D-1 18-24
2174,542.0243055555555,3909,75.62746506170927,-1.1779666457624518,1.6516444433417425,-2.829611089104194,-0.0155759107461988,True,0.02,D 00-06
2174,361.0875,4883,158.1626522020286,-0.09254484483400861,3.4451579697967945,-3.537702814630803,-0.0005851245129336647,True,0.02,D 06-10
2174,361.4638888888889,18392,530.5313913029579,-11.916699601115832,11.716051115532824,-23.632750716648655,-0.02246181808742557,True,0.02,D 10-14
2173,1001.5340277777777,15115,156.6912855584177,-6.083453002712035,3.458213772567887,-9.541666775279923,-0.03882445013474601,True,0.02,D 14-end
2117,1045.9888888888888,3624,31.42588214671921,-0.5201027756957265,0.9983957901606669,-1.5184985658563934,-0.016550140844654823,True,0.03,before D-1 00:00
2143,1066.15625,1256,13.311917887270276,-0.20516511712800076,0.4285141759465369,-0.6336792930745376,-0.01541213812054783,True,0.03,D-1 00-12
2174,539.8770833333333,662,15.531622081878206,-0.054447753183942356,0.49858972797110446,-0.5530374811550468,-0.0035056063620985366,True,0.03,D-1 12-18
2174,542.6958333333333,1040,21.79290650226109,-0.32197386271929496,0.6996477429849439,-1.0216216057042389,-0.014774250634530509,True,0.03,D-1 18-24
2174,542.0243055555555,2263,41.822590909028015,-1.055018589730729,1.3415580752346339,-2.396576664965363,-0.025226045703997453,True,0.03,D 00-06
2174,361.0875,2436,78.82982994149619,-0.2247056506386955,2.520325129813411,-2.7450307804521064,-0.0028505154813280903,True,0.03,D 06-10
2174,361.4638888888889,12730,369.99602658264615,-7.499660195556341,11.91699613838911,-19.416656333945454,-0.020269569554096655,True,0.03,D 10-14
2173,1001.5340277777777,11294,117.6700339742714,-4.896884218286587,3.802031903162052,-8.698916121448638,-0.04161538883686642,True,0.03,D 14-end
