mkts,mkt_days,fills,sh_per_mkt_day,pnl_per_mkt_day,spread_per_mkt_day,markout_per_mkt_day,pnl_per_share,size_cap,mode,d,clock,win
2167,2347.5506944444446,13212,112.5598695803812,-1.4302907315041413,1.3002147332636587,-2.7305054647678,-0.012706933091129276,False,through,0.01,hte,"[24,1000000000.0)"
2175,1082.2131944444445,9496,175.49222369026435,-1.5503414748711328,2.022725292241272,-3.5730667671124055,-0.008834245998315081,False,through,0.01,hte,"[12,24)"
2175,1084.745138888889,28579,526.925615527969,-8.39419295238961,6.22078842124334,-14.614981373632949,-0.015930508415269953,False,through,0.01,hte,"[0,12)"
2117,1045.9888888888888,7253,138.68216148461318,-2.2807125633371927,1.605925280701941,-3.886637844039134,-0.016445608713635738,False,through,0.01,hobs,"[24,1000000000.0)"
2143,1066.15625,5480,102.79919101914003,-0.6531125245478795,1.1705601313128353,-1.8236726558607146,-0.006353284671532848,False,through,0.01,hobs,"[12,24)"
2174,1082.5729166666667,7353,135.84304367488718,-0.5743908705148807,1.5592667930374204,-2.133657663552301,-0.004228342173262614,False,through,0.01,hobs,"[0,12)"
2174,2168.35625,47672,439.70634437952714,-7.426814666639765,5.194939715279718,-12.621754381919484,-0.016890396878670916,False,through,0.01,hobs,"[-24,0)"
2167,2347.5506944444446,6586,56.109544433574825,-1.0007536815114333,1.2178267360810158,-2.218580417592449,-0.017835712116610992,False,through,0.02,hte,"[24,1000000000.0)"
2175,1082.2131944444445,3638,67.23259370105114,-0.7062933661535933,1.4680101925901587,-2.1743035587437527,-0.010505222649807586,False,through,0.02,hte,"[12,24)"
2175,1084.745138888889,16936,312.2576795752714,-6.050176916876916,6.892761932686438,-12.942938849563358,-0.019375590458195563,False,through,0.02,hte,"[0,12)"
2117,1045.9888888888888,4363,83.42344830516578,-1.4743560054812563,1.8064532234249355,-3.280809228906192,-0.017673160669264266,False,through,0.02,hobs,"[24,1000000000.0)"
2143,1066.15625,1971,36.97394260925638,-0.42794853005832867,0.8028560541665445,-1.2308045842248732,-0.011574327752409944,False,through,0.02,hobs,"[12,24)"
2174,1082.5729166666667,2602,48.070664985999784,-0.5940662195579589,1.0503403350428666,-1.6444065546008255,-0.012358186010760953,False,through,0.02,hobs,"[0,12)"
2174,2168.35625,29053,267.97257138904183,-5.141968714781069,5.911713077590455,-11.053681792371526,-0.019188414277355178,False,through,0.02,hobs,"[-24,0)"
2167,2347.5506944444446,20914,178.1771959131163,-1.6499750182888606,2.08016807115454,-3.7301430894434002,-0.009260304102515061,False,at,0.01,hte,"[24,1000000000.0)"
2175,1082.2131944444445,16431,303.6555104733291,-0.9862936484968111,3.5363272409228257,-4.522620889419637,-0.003248067676952103,False,at,0.01,hte,"[12,24)"
2175,1084.745138888889,36883,680.0307035766849,-7.551193092591513,8.055320726258662,-15.606513818850177,-0.011104194344277852,False,at,0.01,hte,"[0,12)"
2117,1045.9888888888888,9814,187.6501768661235,-3.2175102773558253,2.189095911365109,-5.406606188720934,-0.017146321581414305,False,at,0.01,hobs,"[24,1000000000.0)"
2143,1066.15625,9899,185.69510801066917,-0.4560494768004222,2.147799630682651,-2.603849107483073,-0.002455904636832004,False,at,0.01,hobs,"[12,24)"
2174,1082.5729166666667,13735,253.74734188420717,0.3741087494106438,2.946674492672741,-2.572565743262097,0.0014743356388787763,False,at,0.01,hobs,"[0,12)"
2174,2168.35625,60595,558.9026249722573,-6.989709370865604,6.621310497294897,-13.611019868160504,-0.012506130868883572,False,at,0.01,hobs,"[-24,0)"
2167,2347.5506944444446,9520,81.10580974910907,-0.7949562087908999,1.7625306281103261,-2.5574868369012265,-0.009801470588235295,False,at,0.02,hte,"[24,1000000000.0)"
2175,1082.2131944444445,5497,101.5881164306427,-0.6677796978542557,2.2166057596733033,-2.884385457527559,-0.006573403674731673,False,at,0.02,hte,"[12,24)"
2175,1084.745138888889,20782,383.16834535505967,-5.4798309638784835,8.446583138768512,-13.926414102646998,-0.014301366567221635,False,at,0.02,hte,"[0,12)"
2117,1045.9888888888888,5819,111.26313217688738,-1.1129563730228704,2.4128745790798716,-3.5258309521027424,-0.0100029214641691,False,at,0.02,hobs,"[24,1000000000.0)"
2143,1066.15625,3395,63.68672509306211,-0.2884942990298092,1.3811577805785973,-1.6696520796084062,-0.004529896907216496,False,at,0.02,hobs,"[12,24)"
2174,1082.5729166666667,4141,76.50292994120873,-0.3599203286922551,1.6696242554870244,-2.0295445841792796,-0.004704660709973436,False,at,0.02,hobs,"[0,12)"
2174,2168.35625,35213,324.7898033360524,-4.513538769286643,7.160972741448734,-11.67451151073538,-0.013896799477465707,False,at,0.02,hobs,"[-24,0)"
2167,2347.5506944444446,19505,80.34768681646621,-1.0374850573496903,0.9253923448897475,-1.962877402239438,-0.012912444632283693,True,through,0.01,hte,"[24,1000000000.0)"
2175,1082.2131944444445,12784,132.15447181404875,-1.3155825245485746,1.5253247492342785,-2.8409072737828533,-0.00995488466254625,True,through,0.01,hte,"[12,24)"
2175,1084.745138888889,40680,386.4697248068894,-7.906302203781046,4.552636840386752,-12.4589390441678,-0.020457753082034187,True,through,0.01,hte,"[0,12)"
2117,1045.9888888888888,10452,90.83619856892469,-1.2468407940130022,1.046303599648711,-2.2931443936617133,-0.013726254661206727,True,through,0.01,hobs,"[24,1000000000.0)"
2143,1066.15625,7865,73.87561572705688,-0.60010576652531,0.8450827117638714,-1.4451884782891815,-0.008123191402457871,True,through,0.01,hobs,"[12,24)"
2174,1082.5729166666667,9826,104.4512395739317,-0.5277900336517747,1.2023024899585286,-1.7300925236103033,-0.005052980087212841,True,through,0.01,hobs,"[0,12)"
2174,2168.35625,67952,320.07299786969975,-7.216958639715684,3.7679682430264854,-10.98492688274217,-0.02254785217044043,True,through,0.01,hobs,"[-24,0)"
2167,2347.5506944444446,9168,38.56941746189956,-0.6980737964313988,0.8364547316023763,-1.534528528033775,-0.01809915322472745,True,through,0.02,hte,"[24,1000000000.0)"
2175,1082.2131944444445,4790,52.515921769162595,-0.704309962890707,1.1469528024181925,-1.8512627653088993,-0.013411360577208388,True,through,0.02,hte,"[12,24)"
2175,1084.745138888889,23824,232.5553524530147,-5.733981505457669,5.126266076348451,-10.86024758180612,-0.02465641596710253,True,through,0.02,hte,"[0,12)"
2117,1045.9888888888888,5880,51.96272009422238,-0.850555648738355,1.1240877430911207,-1.974643391829476,-0.016368574377862995,True,through,0.02,hobs,"[24,1000000000.0)"
2143,1066.15625,2723,27.859549175836094,-0.26662841159914413,0.6058301858282967,-0.8724585974274408,-0.009570449611955802,True,through,0.02,hobs,"[12,24)"
2174,1082.5729166666667,3434,38.169076704071124,-0.5053300261994669,0.8338983975852281,-1.339228423784695,-0.013239252029000961,True,through,0.02,hobs,"[0,12)"
2174,2168.35625,40985,197.58114081392299,-5.078673119969563,4.352366027851972,-9.431039147821535,-0.025704240288563426,True,through,0.02,hobs,"[-24,0)"
2167,2347.5506944444446,31168,122.93482865949231,-1.2181941838055914,1.428649583013028,-2.6468437668186193,-0.009909268163376008,True,at,0.01,hte,"[24,1000000000.0)"
2175,1082.2131944444445,22962,214.0855453827066,-1.0469658834123232,2.4914493252894947,-3.5384152087018177,-0.004890409025703867,True,at,0.01,hte,"[12,24)"
2175,1084.745138888889,53210,481.4791466721637,-7.576300316780502,5.683734775510273,-13.260035092290776,-0.015735469270363147,True,at,0.01,hte,"[0,12)"
2117,1045.9888888888888,14484,123.31891859484381,-1.76932646532691,1.4307485128897695,-3.20007497821668,-0.014347567149367533,True,at,0.01,hobs,"[24,1000000000.0)"
2143,1066.15625,14535,127.90442159017498,-0.6069824273627812,1.478054903752616,-2.085037331115397,-0.004745593778670484,True,at,0.01,hobs,"[12,24)"
2174,1082.5729166666667,18954,180.28129997001736,-0.12914294622710157,2.093883769419073,-2.2230267156461747,-0.0007163413301799985,True,at,0.01,hobs,"[0,12)"
2174,2168.35625,87617,393.88682848632465,-7.155257517844221,4.647493210379752,-11.802750728223971,-0.01816576996326914,True,at,0.01,hobs,"[-24,0)"
2167,2347.5506944444446,13815,54.96048779919259,-0.6915867940471525,1.1941295222082116,-1.885716316255364,-0.012583345267494377,True,at,0.02,hte,"[24,1000000000.0)"
2175,1082.2131944444445,7487,74.52681515346316,-0.8819012610855711,1.6276540616146822,-2.5095553227002534,-0.011833341586777714,True,at,0.02,hte,"[12,24)"
2175,1084.745138888889,29919,276.00757137448437,-5.460550201497355,6.0787568395938365,-11.539307041091194,-0.01978405945280586,True,at,0.02,hte,"[0,12)"
2117,1045.9888888888888,8130,69.33350622016381,-0.49879421532499807,1.5029885461876056,-2.001782761512604,-0.007194129397424546,True,at,0.02,hobs,"[24,1000000000.0)"
2143,1066.15625,4812,44.59543491491046,-0.4312958122582877,0.9689244724968783,-1.4002202847551661,-0.009671299609056716,True,at,0.02,hobs,"[12,24)"
2174,1082.5729166666667,5690,57.27190101975425,-0.5325597352289202,1.2517493842086849,-1.7843091194376053,-0.009298796194057353,True,at,0.02,hobs,"[0,12)"
2174,2168.35625,50656,232.26539774264495,-4.898836674604555,5.11500743837642,-10.013844112980975,-0.021091547523719268,True,at,0.02,hobs,"[-24,0)"
